implementation,dataset_rows,concurrency_type,concurrency_count,run_index,elapsed_seconds,correct_predictions,accuracy,average_probability,timing_scope,environment
CUDA,10000,GPU,1,1,0.0008,7220,0.722000,0.535188,"GPU kernel timing only; CSV parsing, H2D transfers, and model loading excluded",Windows host; NVIDIA GeForce RTX 2050 4GB; CUDA Toolkit 13.4; SM 8.6 target
Sequential,100000,CPU process,1,1,0.201418,72287,0.722870,0.531431,Inference timing; CSV parsing/loading excluded,Ubuntu 24.04.4 VM; GCC 13.3.0; 2 vCPU VM (exact CPU model not recorded)
OpenMP,100000,threads,1,1,0.198609,72287,0.722870,0.531431,Inference timing; CSV parsing/loading excluded,Ubuntu 24.04.4 VM; GCC 13.3.0; 2 vCPU VM (exact CPU model not recorded)
OpenMP,100000,threads,2,1,0.112685,72287,0.722870,0.531431,Inference timing; CSV parsing/loading excluded,Ubuntu 24.04.4 VM; GCC 13.3.0; 2 vCPU VM (exact CPU model not recorded)
OpenMP,100000,threads,4,1,0.095396,72287,0.722870,0.531431,Inference timing; CSV parsing/loading excluded,Ubuntu 24.04.4 VM; GCC 13.3.0; 2 vCPU VM (exact CPU model not recorded)
OpenMP,100000,threads,8,1,0.115471,72287,0.722870,0.531431,Inference timing; CSV parsing/loading excluded,Ubuntu 24.04.4 VM; GCC 13.3.0; 2 vCPU VM (exact CPU model not recorded)
MPI,100000,processes,1,1,0.192301,72287,0.722870,0.531431,Timer begins after data distribution; see methodology notes,Ubuntu VM cluster; Open MPI 4.1.6; 1 process
MPI,100000,processes,2,1,0.0935174,72287,0.722870,0.531431,Timer begins after data distribution; see methodology notes,Ubuntu VM cluster; Open MPI 4.1.6; 2 processes
MPI,100000,processes,4,1,0.054491,72287,0.722870,0.531431,Timer begins after data distribution; see methodology notes,Ubuntu VM cluster; Open MPI 4.1.6; 4 processes
CUDA,100000,GPU,1,1,0.012869,72287,0.722870,0.531431,"GPU kernel timing only; CSV parsing, H2D transfers, and model loading excluded",Windows host; NVIDIA GeForce RTX 2050 4GB; CUDA Toolkit 13.4; SM 8.6 target
Sequential,500000,CPU process,1,1,1.00106,359364,0.718728,0.531832,Inference timing; CSV parsing/loading excluded,Ubuntu 24.04.4 VM; GCC 13.3.0; 2 vCPU VM (exact CPU model not recorded)
OpenMP,500000,threads,2,1,0.463787,359364,0.718728,0.531832,Inference timing; CSV parsing/loading excluded,Ubuntu 24.04.4 VM; GCC 13.3.0; 2 vCPU VM (exact CPU model not recorded)
OpenMP,500000,threads,4,1,0.506798,359364,0.718728,0.531832,Inference timing; CSV parsing/loading excluded,Ubuntu 24.04.4 VM; GCC 13.3.0; 2 vCPU VM (exact CPU model not recorded)
OpenMP,500000,threads,8,1,0.513505,359364,0.718728,0.531832,Inference timing; CSV parsing/loading excluded,Ubuntu 24.04.4 VM; GCC 13.3.0; 2 vCPU VM (exact CPU model not recorded)
MPI,500000,processes,4,1,0.273931,359364,0.718728,0.531832,Timer begins after data distribution; see methodology notes,Ubuntu VM cluster; Open MPI 4.1.6; 4 processes
Sequential,1000000,CPU process,1,1,1.9776,718779,0.718779,0.531864,Inference timing; CSV parsing/loading excluded,Ubuntu 24.04.4 VM; GCC 13.3.0; 2 vCPU VM (exact CPU model not recorded)
Sequential,1000000,CPU process,1,2,1.96461,718779,0.718779,0.531864,Inference timing; CSV parsing/loading excluded,Ubuntu 24.04.4 VM; GCC 13.3.0; 2 vCPU VM (exact CPU model not recorded)
Sequential,1000000,CPU process,1,3,1.86518,718779,0.718779,0.531864,Inference timing; CSV parsing/loading excluded,Ubuntu 24.04.4 VM; GCC 13.3.0; 2 vCPU VM (exact CPU model not recorded)
OpenMP,1000000,threads,2,1,0.886343,718779,0.718779,0.531864,Inference timing; CSV parsing/loading excluded,Ubuntu 24.04.4 VM; GCC 13.3.0; 2 vCPU VM (exact CPU model not recorded)
OpenMP,1000000,threads,2,2,0.884338,718779,0.718779,0.531864,Inference timing; CSV parsing/loading excluded,Ubuntu 24.04.4 VM; GCC 13.3.0; 2 vCPU VM (exact CPU model not recorded)
OpenMP,1000000,threads,2,3,0.888122,718779,0.718779,0.531864,Inference timing; CSV parsing/loading excluded,Ubuntu 24.04.4 VM; GCC 13.3.0; 2 vCPU VM (exact CPU model not recorded)
OpenMP,1000000,threads,4,1,0.88839,718779,0.718779,0.531864,Inference timing; CSV parsing/loading excluded,Ubuntu 24.04.4 VM; GCC 13.3.0; 2 vCPU VM (exact CPU model not recorded)
OpenMP,1000000,threads,8,1,0.935569,718779,0.718779,0.531864,Inference timing; CSV parsing/loading excluded,Ubuntu 24.04.4 VM; GCC 13.3.0; 2 vCPU VM (exact CPU model not recorded)
MPI,1000000,processes,4,1,0.549022,718779,0.718779,0.531864,Timer begins after data distribution; see methodology notes,Ubuntu VM cluster; Open MPI 4.1.6; 4 processes
MPI,1000000,processes,4,2,0.5119,718779,0.718779,0.531864,Timer begins after data distribution; see methodology notes,Ubuntu VM cluster; Open MPI 4.1.6; 4 processes
MPI,1000000,processes,4,3,0.517421,718779,0.718779,0.531864,Timer begins after data distribution; see methodology notes,Ubuntu VM cluster; Open MPI 4.1.6; 4 processes
CUDA,1000000,GPU,1,1,0.093202,718779,0.718779,0.531864,"GPU kernel timing only; CSV parsing, H2D transfers, and model loading excluded",Windows host; NVIDIA GeForce RTX 2050 4GB; CUDA Toolkit 13.4; SM 8.6 target
CUDA,1000000,GPU,1,2,0.09469,718779,0.718779,0.531864,"GPU kernel timing only; CSV parsing, H2D transfers, and model loading excluded",Windows host; NVIDIA GeForce RTX 2050 4GB; CUDA Toolkit 13.4; SM 8.6 target
CUDA,1000000,GPU,1,3,0.093929,718779,0.718779,0.531864,"GPU kernel timing only; CSV parsing, H2D transfers, and model loading excluded",Windows host; NVIDIA GeForce RTX 2050 4GB; CUDA Toolkit 13.4; SM 8.6 target
Sequential,2000000,CPU process,1,1,3.78536,1438610,0.719305,0.531653,Inference timing; CSV parsing/loading excluded,Ubuntu 24.04.4 VM; GCC 13.3.0; 2 vCPU VM (exact CPU model not recorded)
Sequential,2000000,CPU process,1,2,3.71569,1438610,0.719305,0.531653,Inference timing; CSV parsing/loading excluded,Ubuntu 24.04.4 VM; GCC 13.3.0; 2 vCPU VM (exact CPU model not recorded)
Sequential,2000000,CPU process,1,3,3.70507,1438610,0.719305,0.531653,Inference timing; CSV parsing/loading excluded,Ubuntu 24.04.4 VM; GCC 13.3.0; 2 vCPU VM (exact CPU model not recorded)
OpenMP,2000000,threads,2,1,1.76983,1438610,0.719305,0.531653,Inference timing; CSV parsing/loading excluded,Ubuntu 24.04.4 VM; GCC 13.3.0; 2 vCPU VM (exact CPU model not recorded)
OpenMP,2000000,threads,2,2,1.76449,1438610,0.719305,0.531653,Inference timing; CSV parsing/loading excluded,Ubuntu 24.04.4 VM; GCC 13.3.0; 2 vCPU VM (exact CPU model not recorded)
OpenMP,2000000,threads,2,3,1.76798,1438610,0.719305,0.531653,Inference timing; CSV parsing/loading excluded,Ubuntu 24.04.4 VM; GCC 13.3.0; 2 vCPU VM (exact CPU model not recorded)
OpenMP,2000000,threads,4,1,1.80775,1438610,0.719305,0.531653,Inference timing; CSV parsing/loading excluded,Ubuntu 24.04.4 VM; GCC 13.3.0; 2 vCPU VM (exact CPU model not recorded)
MPI,2000000,processes,4,1,0.910761,1438610,0.719305,0.531653,Timer begins after data distribution; see methodology notes,Ubuntu VM cluster; Open MPI 4.1.6; 4 processes
Sequential,5000000,CPU process,1,1,9.40873,3592186,0.718437,0.531911,Inference timing; CSV parsing/loading excluded,Ubuntu 24.04.4 VM; GCC 13.3.0; 2 vCPU VM (exact CPU model not recorded)
OpenMP,5000000,threads,2,1,4.44546,3592186,0.718437,0.531911,Inference timing; CSV parsing/loading excluded,Ubuntu 24.04.4 VM; GCC 13.3.0; 2 vCPU VM (exact CPU model not recorded)
OpenMP,5000000,threads,4,1,5.13979,3592186,0.718437,0.531911,Inference timing; CSV parsing/loading excluded,Ubuntu 24.04.4 VM; GCC 13.3.0; 2 vCPU VM (exact CPU model not recorded)
MPI,5000000,processes,4,1,2.349,3592186,0.718437,0.531911,Timer begins after data distribution; see methodology notes,Ubuntu VM cluster; Open MPI 4.1.6; 4 processes
