implementation,dataset_rows,concurrency_type,concurrency_count,run_count,mean_seconds,stddev_seconds,mean_rows_per_second,correct_predictions,accuracy,average_probability,timing_scope,environment
CUDA,10000,GPU,1,1,0.0008,0.0,12500000.0,7220,0.722,0.535188,"GPU kernel timing only; CSV parsing, H2D transfers, and model loading excluded",Windows host; NVIDIA GeForce RTX 2050 4GB; CUDA Toolkit 13.4; SM 8.6 target
CUDA,100000,GPU,1,1,0.012869,0.0,7770611.547128759,72287,0.72287,0.531431,"GPU kernel timing only; CSV parsing, H2D transfers, and model loading excluded",Windows host; NVIDIA GeForce RTX 2050 4GB; CUDA Toolkit 13.4; SM 8.6 target
CUDA,1000000,GPU,1,3,0.09394033333333333,0.0007440647373268913,10645054.839774182,718779,0.718779,0.531864,"GPU kernel timing only; CSV parsing, H2D transfers, and model loading excluded",Windows host; NVIDIA GeForce RTX 2050 4GB; CUDA Toolkit 13.4; SM 8.6 target
MPI,100000,processes,1,1,0.192301,0.0,520018.09662976273,72287,0.72287,0.531431,Timer begins after data distribution; see methodology notes,Ubuntu VM cluster; Open MPI 4.1.6; 1 process
MPI,100000,processes,2,1,0.0935174,0.0,1069319.7201804155,72287,0.72287,0.531431,Timer begins after data distribution; see methodology notes,Ubuntu VM cluster; Open MPI 4.1.6; 2 processes
MPI,100000,processes,4,1,0.054491,0.0,1835165.440164431,72287,0.72287,0.531431,Timer begins after data distribution; see methodology notes,Ubuntu VM cluster; Open MPI 4.1.6; 4 processes
MPI,500000,processes,4,1,0.273931,0.0,1825277.1683380122,359364,0.718728,0.531832,Timer begins after data distribution; see methodology notes,Ubuntu VM cluster; Open MPI 4.1.6; 4 processes
MPI,1000000,processes,4,3,0.5261143333333334,0.020029759218056845,1900727.535142868,718779,0.718779,0.531864,Timer begins after data distribution; see methodology notes,Ubuntu VM cluster; Open MPI 4.1.6; 4 processes
MPI,2000000,processes,4,1,0.910761,0.0,2195965.791244904,1438610,0.719305,0.531653,Timer begins after data distribution; see methodology notes,Ubuntu VM cluster; Open MPI 4.1.6; 4 processes
MPI,5000000,processes,4,1,2.349,0.0,2128565.3469561515,3592186,0.718437,0.531911,Timer begins after data distribution; see methodology notes,Ubuntu VM cluster; Open MPI 4.1.6; 4 processes
OpenMP,100000,threads,1,1,0.198609,0.0,503501.85540433717,72287,0.72287,0.531431,Inference timing; CSV parsing/loading excluded,Ubuntu 24.04.4 VM; GCC 13.3.0; 2 vCPU VM (exact CPU model not recorded)
OpenMP,100000,threads,2,1,0.112685,0.0,887429.5602786529,72287,0.72287,0.531431,Inference timing; CSV parsing/loading excluded,Ubuntu 24.04.4 VM; GCC 13.3.0; 2 vCPU VM (exact CPU model not recorded)
OpenMP,100000,threads,4,1,0.095396,0.0,1048261.9816344501,72287,0.72287,0.531431,Inference timing; CSV parsing/loading excluded,Ubuntu 24.04.4 VM; GCC 13.3.0; 2 vCPU VM (exact CPU model not recorded)
OpenMP,100000,threads,8,1,0.115471,0.0,866018.3076270232,72287,0.72287,0.531431,Inference timing; CSV parsing/loading excluded,Ubuntu 24.04.4 VM; GCC 13.3.0; 2 vCPU VM (exact CPU model not recorded)
OpenMP,500000,threads,2,1,0.463787,0.0,1078081.1018851325,359364,0.718728,0.531832,Inference timing; CSV parsing/loading excluded,Ubuntu 24.04.4 VM; GCC 13.3.0; 2 vCPU VM (exact CPU model not recorded)
OpenMP,500000,threads,4,1,0.506798,0.0,986586.3716904961,359364,0.718728,0.531832,Inference timing; CSV parsing/loading excluded,Ubuntu 24.04.4 VM; GCC 13.3.0; 2 vCPU VM (exact CPU model not recorded)
OpenMP,500000,threads,8,1,0.513505,0.0,973700.3534532284,359364,0.718728,0.531832,Inference timing; CSV parsing/loading excluded,Ubuntu 24.04.4 VM; GCC 13.3.0; 2 vCPU VM (exact CPU model not recorded)
OpenMP,1000000,threads,2,3,0.8862676666666667,0.0018931244896554884,1128327.2961554504,718779,0.718779,0.531864,Inference timing; CSV parsing/loading excluded,Ubuntu 24.04.4 VM; GCC 13.3.0; 2 vCPU VM (exact CPU model not recorded)
OpenMP,1000000,threads,4,1,0.88839,0.0,1125631.7608257635,718779,0.718779,0.531864,Inference timing; CSV parsing/loading excluded,Ubuntu 24.04.4 VM; GCC 13.3.0; 2 vCPU VM (exact CPU model not recorded)
OpenMP,1000000,threads,8,1,0.935569,0.0,1068868.2502306083,718779,0.718779,0.531864,Inference timing; CSV parsing/loading excluded,Ubuntu 24.04.4 VM; GCC 13.3.0; 2 vCPU VM (exact CPU model not recorded)
OpenMP,2000000,threads,2,3,1.7674333333333334,0.0027116477155658962,1131584.4067668747,1438610,0.719305,0.531653,Inference timing; CSV parsing/loading excluded,Ubuntu 24.04.4 VM; GCC 13.3.0; 2 vCPU VM (exact CPU model not recorded)
OpenMP,2000000,threads,4,1,1.80775,0.0,1106347.6697552206,1438610,0.719305,0.531653,Inference timing; CSV parsing/loading excluded,Ubuntu 24.04.4 VM; GCC 13.3.0; 2 vCPU VM (exact CPU model not recorded)
OpenMP,5000000,threads,2,1,4.44546,0.0,1124742.9962253626,3592186,0.718437,0.531911,Inference timing; CSV parsing/loading excluded,Ubuntu 24.04.4 VM; GCC 13.3.0; 2 vCPU VM (exact CPU model not recorded)
OpenMP,5000000,threads,4,1,5.13979,0.0,972802.3907591556,3592186,0.718437,0.531911,Inference timing; CSV parsing/loading excluded,Ubuntu 24.04.4 VM; GCC 13.3.0; 2 vCPU VM (exact CPU model not recorded)
Sequential,100000,CPU process,1,1,0.201418,0.0,496479.9571041317,72287,0.72287,0.531431,Inference timing; CSV parsing/loading excluded,Ubuntu 24.04.4 VM; GCC 13.3.0; 2 vCPU VM (exact CPU model not recorded)
Sequential,500000,CPU process,1,1,1.00106,0.0,499470.56120512256,359364,0.718728,0.531832,Inference timing; CSV parsing/loading excluded,Ubuntu 24.04.4 VM; GCC 13.3.0; 2 vCPU VM (exact CPU model not recorded)
Sequential,1000000,CPU process,1,3,1.9357966666666666,0.06149975799410376,516583.18108479027,718779,0.718779,0.531864,Inference timing; CSV parsing/loading excluded,Ubuntu 24.04.4 VM; GCC 13.3.0; 2 vCPU VM (exact CPU model not recorded)
Sequential,2000000,CPU process,1,3,3.7353733333333334,0.04361417468362005,535421.715990905,1438610,0.719305,0.531653,Inference timing; CSV parsing/loading excluded,Ubuntu 24.04.4 VM; GCC 13.3.0; 2 vCPU VM (exact CPU model not recorded)
Sequential,5000000,CPU process,1,1,9.40873,0.0,531421.3501715959,3592186,0.718437,0.531911,Inference timing; CSV parsing/loading excluded,Ubuntu 24.04.4 VM; GCC 13.3.0; 2 vCPU VM (exact CPU model not recorded)
